"UBIPROV_INEI","PROVINCIA.x","AGUA_2017","DESAGUE_2017","LUZ_2017","PROMEDIO_SSBB_2017","AGUA_2007","DESAGUE_2007","LUZ_2007","PROMEDIO_SSBB_2007","AGUA_1993","DESAGUE_1993","LUZ_1993","PROMEDIO_SSBB_1993"
"0101","Chachapoyas",95.1925137509822,72.7623401671548,87.4919637116937,85.1489392099436,65.4553817847286,58.6016559337627,71.5808034345293,65.2126137176735,53.9639826122956,30.7803767335955,33.9577727178638,39.567377354585
"0102","Bagua",84.047131147541,43.5245901639344,67.6434426229508,65.0717213114754,53.0826177080249,33.6334024281907,50.9920047379331,45.9026749580495,32.6870437956204,20.3619221411192,23.7378345498783,25.595600162206
"0103","Bongara",92.4329501915709,60.6185002736727,82.4438970990695,78.4984491881044,47.4533772136029,41.7019275975552,54.4742203416392,47.8765083842658,44.9891330596474,19.6570876599855,28.2781936730258,30.9748047975529
"0104","Condorcanqui",59.0881020996295,5.51667352820091,18.4438040345821,27.6828598874708,7.8150289017341,1.91907514450867,9.54913294797688,6.42774566473988,3.26538316345791,0.792751981879955,3.85050962627407,2.63621492387064
"0105","Luya",95.6337696950694,50.4820882652661,85.3335423688955,77.1498001097437,27.5776290958998,25.4417567335735,50.7720020586722,34.5971292960485,32.2513740537177,7.17618998237063,5.66213833869128,15.0299007915932
"0106","Rodríguez de Mendoza",86.5678346810422,48.6185983827493,77.437106918239,70.8745133273435,40.3323040729305,28.2458461990884,51.0660197029849,39.8813899916679,26.7195200342833,11.8920077137347,18.7486608099421,19.1200628526534
"0107","Utcubamba",90.3287752872231,41.403171870344,80.770122173294,70.8340231102871,41.0136269571668,28.651751200656,44.9845769395963,38.2166516991397,27.5132550161139,11.3421353571057,12.7404096059881,17.1985999930693
"0201","Huaraz",96.9049726135521,76.7681599655577,89.6625128560836,87.7785484783978,83.8537046046418,61.319863778153,82.2482328363335,75.8072670730428,53.0975898854208,35.2390359541683,50.8060055314105,46.3808771236665
"0202","Aija",89.2838742916023,44.0494590417311,78.7223080886141,70.6852138073158,39.3838862559242,23.4597156398104,68.1516587677725,43.6650868878357,33.4008097165992,10.5769230769231,29.4028340080972,24.4601889338731
"0203","Antonio Raymondi",97.2266244057052,37.8499735868991,81.5900686740623,72.2222222222222,83.5990888382688,19.6912174133131,60.6175651733738,54.6359571416519,24.7645711376941,4.1740900992619,5.44667854415882,11.4617799270383
"0204","Asunción",96.1772371850565,55.8210251954822,88.2710686359687,80.0897770055025,59.3013100436681,22.0087336244541,62.1397379912664,47.8165938864629,20.9270307480496,5.36943552088114,14.3643873336393,13.5536178675233
"0205","Bolognesi",89.4837195658551,64.4910530947492,78.8354356116163,77.6034027574069,54.9866310160428,33.6497326203209,66.5508021390374,51.729055258467,49.5804504637126,14.8093625791256,25.9531871043721,30.1143333824035
"0206","Carhuaz",94.5320310697531,56.1024378989464,79.581635007306,76.7387013253352,80.4576825281511,33.1274972756992,75.9262622593534,63.1704806877346,24.7216517133283,9.97729975137823,29.7481353367204,21.4823622671423
"0207","Carlos Fermín Fitzcarrald",92.7139552814187,30.0308404009252,65.497301464919,62.7473657157543,8.55957767722474,13.4238310708899,30.7880844645551,17.5904977375566,9.75500112384806,2.49494268374916,5.30456282310632,5.85150221023451
"0208","Casma",85.625987226152,49.090035025067,79.9189616097795,71.5449946203329,77.2092126818927,44.1649802447721,76.4864604413607,65.9535511226752,55.8076715289033,34.2382495948136,48.8249594813614,46.2902935350261
"0209","Corongo",89.679012345679,55.9012345679012,89.679012345679,78.4197530864197,68.2247899159664,41.7542016806723,67.5945378151261,59.1911764705882,40.6641262928688,12.1393576483397,38.1056069678824,30.3030303030303
"0210","Huari",97.4047092493821,60.3746585143749,80.7792376739951,79.5195351459173,78.6907981415991,23.8679703210596,67.4086401775189,56.6558028800592,29.4644125586021,6.60605199602216,8.16877397357579,14.7464128427333
"0211","Huarmey",81.148429035753,56.6088840736728,83.943661971831,73.9003250270856,75.5680096940321,49.0911844895486,75.9466828233869,66.8686256689892,50.9321860274534,24.9948780987503,51.7721778324114,42.566413986205
"0212","Huaylas",89.4060995184591,45.0066299113685,83.9625933421732,72.7917742573336,68.0964726215728,26.8992065362558,63.1628564694791,52.7195118757692,27.9381824912086,17.5458078845086,37.812326485286,27.7654389536677
"0213","Mariscal Luzuriaga",79.9490229396771,10.2293967714528,69.4987255734919,53.225715094874,25.7434944237918,7.71375464684015,36.5241635687732,23.3271375464684,13.018341307815,2.53189792663477,4.36602870813397,6.63875598086124
"0214","Ocros",75.4021184778344,41.4672420557081,68.7328364064339,61.8673989799922,58.0183048149622,24.4727417429367,58.7345801830481,47.075208913649,34.5914954610607,6.64118490205447,24.7969421882465,22.0098741837872
"0215","Pallasca",90.8352849336456,55.3005464480874,81.3739266198283,75.8365860005204,15.331550049275,23.5956638040265,61.7907926228354,33.5726688253789,43.739061256961,7.95544948289578,20.079554494829,23.9246884115619
"0216","Pomabamba",94.2828341013825,31.4372119815668,67.2667050691244,64.3289170506912,46.1789883268482,15.6420233463035,37.5408560311284,33.1206225680934,14.757864969954,8.11240721102863,13.909508660304,12.2599269470956
"0217","Recuay",84.6577498033045,55.5271439811172,79.6616837136113,73.2821924993443,67.0607419486343,34.8552792498981,65.1243375458622,55.6801195814649,46.9578444154715,16.2103433289874,27.8574532811821,30.3418803418803
"0218","Santa",82.1449677535394,73.098829192254,90.852796834451,82.0321979267482,83.9772192201619,76.7909594385524,85.5254602121124,82.0978796236089,77.759135547825,62.4526675491796,79.2214389065049,73.1444140011698
"0219","Sihuas",92.5959900406238,33.0362993054646,77.8141790066833,67.8154894509239,28.8975021533161,16.4656904966982,61.5848406546081,35.6493444348742,19.1369319914608,6.48063433973772,8.50869167429094,11.3754193351632
"0220","Yungay",90.3627959097913,35.5441938646869,79.9061493206331,68.6043796983705,65.1517521902378,20.1032540675845,53.3714017521902,46.2088026700042,16.975709252735,6.52697941776377,23.1596513999629,15.5541133568206
"0301","Abancay",96.9881732949323,69.4190820515963,90.6550646485692,85.6874399983659,59.2279570737843,52.8479893077558,71.7874130272416,61.2877864695939,43.7667976018193,32.6700434153401,41.6322100475501,39.3563503549032
"0302","Andahuaylas",96.7487733558011,44.4739059324974,79.0900530306785,73.437577439659,74.0871780356637,28.3328615907161,61.9105575997736,54.7768657420511,32.4440774119421,10.1324907543715,17.0155470180604,19.8640383947913
"0303","Antabamba",91.5890203978847,52.6819440946865,68.8995215311005,71.0568286745572,23.1459487991554,10.0290314067036,43.9693850620216,25.7147884226269,36.5351131746953,2.29251305861869,13.5229251305862,17.4501837879667
"0304","Aymaraes",93.331781682765,46.3633189805656,82.3577330385197,74.0176112339501,36.2143180788401,15.1110104213865,53.6361576801087,34.9871620601118,17.1802773497689,4.62249614791988,9.3477144324602,10.3834959767163
"0305","Cotabambas",92.7778926331748,35.3249259182689,68.989042795121,65.6972871155216,29.0805416963649,8.65110477548111,30.7555238774056,22.8290567830839,14.5147855060392,0.926697209496043,6.33069554352353,7.25739275301958
"0306","Chincheros",95.1603325415677,43.7128859857482,74.7847387173397,71.2193190815519,49.7195695012885,8.42049416401395,43.6865241776565,33.942195947653,17.4149659863946,3.85811467444121,7.52186588921283,9.59831551668286
"0307","Grau",90.3980596376088,37.5374518476245,79.1553716650021,69.0302943834118,22.8411857367893,11.6712014893312,50.7375053701847,28.4166308654351,22.1894867421306,3.86106373081098,19.3053186540549,15.1186230423321
"0401","Arequipa",94.704527482242,75.8145220607279,92.1488188350996,87.5559561260232,86.7776935445709,75.3815844749079,90.804791957392,84.3213566589569,84.5727829535588,59.2964588271185,82.2753619787389,75.381534586472
"0402","Camaná",80.8751936269086,62.6576676255809,89.4279707899978,77.6536106808291,73.0000691419484,44.6518702897048,73.7606305745696,63.8041900020743,42.9018676454712,20.7384216776422,46.6047716722444,36.7483536651193
"0403","Caravelí",66.5650406504065,48.9244579945799,87.4407181571816,67.6434056007227,48.5510334540805,27.5942893671426,63.9143405071383,46.6865544427871,45.4008438818565,13.3670886075949,38.2278481012658,32.3319268635724
"0404","Castilla",91.8367346938776,54.1707945314048,87.7848226669309,77.9307839640711,72.9182295573894,39.8068267066767,75.2906976744186,62.6719179794949,40.5589478628464,16.8154062940348,45.1503053076562,34.1748864881791
"0405","Caylloma",77.6288810779145,49.0773286467487,75.3734622144112,67.3598906463581,43.2152535811072,30.3087495160666,59.2963608207511,44.2734546393083,44.3209541881269,5.92753230324388,14.3399295201952,21.5294720038553
"0406","Condesuyos",75.916014820914,28.7361053931659,68.4643886372993,57.7055029504597,48.0968218773097,27.8824833702882,42.6829268292683,39.5540773589554,40.6026962727994,16.9310071371927,46.1141950832672,34.5492994977531
"0407","Islay",91.1686457725002,79.1447667250665,89.1116734799818,86.4750286591828,85.6753265394,61.7697717812545,85.5389694273001,77.6613559159849,77.9416930101862,50.8166491043203,72.0231822971549,66.9271748038871
"0408","La Unión",87.6001885902876,40.5940594059406,78.4771334276285,68.8904604746189,48.6191393705845,17.3624491543567,40.8906015842432,35.6240633697281,21.6856695729935,4.24770847306059,6.32684998882182,10.7534093449586
"0501","Huamanga",94.8416964068166,65.1803758008342,86.7566754095541,82.2595825390683,74.6942597263625,52.5605747917144,70.7693189635405,66.0080511605391,62.8502922223887,33.0226285029222,52.2403716469354,49.3710974574155
"0502","Cangallo",93.1984042035614,29.2984333949596,69.7090590639292,64.0686322208167,45.856806309536,12.8034415650927,33.9342415241217,30.8648297995835,28.7536800785083,3.81501472031403,8.81992149165849,13.7962054301603
"0503","Huanca Sancos",94.4214876033058,59.228650137741,72.8994490358127,75.5165289256198,22.5588235294118,13.0882352941176,41.6764705882353,25.7745098039216,49.512012012012,1.53903903903904,15.0900900900901,22.047047047047
"0504","Huanta",94.6583850931677,50.7192947305149,82.4804648367061,75.9527148867962,46.7881829789108,27.9707656408224,43.4993175714349,39.4194220637227,41.78968086602,14.1009419372979,22.4377899620413,26.1094709217864
"0505","La Mar",92.7660403076624,53.2324019082855,70.3047415052089,72.1010612403856,23.565496413741,13.7882219705549,25.3491883729709,20.900968919089,32.1245787042816,7.34614904506304,11.9897640743977,17.1534972745808
"0506","Lucanas",84.1789321789322,47.0937950937951,75.8730158730159,69.048581048581,54.2310756972112,19.7397078353254,49.1792828685259,41.0500221336875,42.205719044975,6.80177679067185,20.8703498056635,23.2926152137701
"0507","Parinacochas",90.9289758106022,41.6752444673186,85.1260936695831,72.5767713158346,58.6442786069652,26.0696517412935,56.9776119402985,47.2305140961857,41.1469161469161,10.7761607761608,23.7699237699238,25.2310002310002
"0508","Páucar del Sara Sara",95.2380952380952,57.0785070785071,86.7117117117117,79.6761046761047,71.2503897723729,16.3392578734019,73.495478640474,53.6950420954163,52.8315160042209,2.77875483644038,17.9036229335209,24.5046312580607
"0509","Sucre",93.1621379516274,55.6584054941774,80.2030456852792,76.341196377028,60.952380952381,15.1058201058201,54.8412698412698,43.6331569664903,36.7401668653159,1.13230035756853,0.685339690107271,12.8526023043306
"0510","Víctor Fajardo",94.3011647254576,54.9639489739323,78.369384359401,75.878166019597,55.3805443548387,22.3286290322581,55.4183467741936,44.3758400537634,41.8501048218029,3.708071278826,8.42505241090147,17.9944095038435
"0511","Vilcas Huamán",93.1310164790341,25.7790830478055,76.3419807472671,65.0840267580356,52.7216174183515,8.56779301569348,18.7473490739432,26.678919835996,21.0139002452984,0.850367947669665,4.30089942763696,8.72172254020169
"0601","Cajamarca",95.824002559298,55.7230016909648,86.4162972441844,79.3211004981491,78.4419311755847,45.4917450484499,62.7646273194851,62.2327678478399,42.1073230126979,28.1527222125587,34.3037919638198,34.8546123963588
"0602","Cajabamba",92.2068897051524,29.3755584235084,75.205996227539,65.5961481187332,71.9017404971186,17.6261714884452,35.8286279760172,41.785513320527,22.7332366549271,10.3584006629376,15.5790345970582,16.2235573049743
"0603","Celendín",93.8338034280755,28.0147537426774,73.9205901497071,65.2563824401533,59.6256684491979,19.1153016230416,35.7585139318885,38.1664946680427,25.0396475770925,10.5961820851689,13.28046989721,16.3054331864905
"0604","Chota",91.5514053687191,25.7576821362541,87.7694305974865,68.3595060341532,47.2668397111357,18.4292359487035,40.6517437228547,35.4492731275646,18.9409556629027,9.4766314882619,10.7658225900742,13.0611365804129
"0605","Contumazá",89.6555669985124,40.2563222336652,70.8433459205859,66.9184117175878,57.2095881991395,27.240319606638,41.3153042409342,41.9217373489039,35.1974556056189,16.3132785581765,17.6782401272197,23.0629914303384
"0606","Cutervo",90.238101899779,30.4804006603061,73.8955261464425,64.8713429021758,42.8993892639023,17.0266795242687,21.2504018000643,27.0588235294118,16.6356300434513,7.55741775294848,11.5611421477343,11.9180633147114
"0607","Hualgayoc",94.3519738155111,22.588113200016,88.5682353410769,68.502774118868,52.8619377936899,16.4600581785634,23.1640187961513,30.8286715894682,19.6270603958506,10.3735760198562,13.886590721059,14.6290757122552
"0608","Jaén",90.0082195625589,53.4592329744793,80.1347206351116,74.5340577240499,49.9976491607504,44.7975927406084,52.5365555503315,49.1105991505634,39.0486130878958,25.1510263465857,22.7946990543062,28.9981128295959
"0609","San Ignacio",90.0233307410288,36.9236751472059,74.4556160426619,67.1342073102988,59.9017890869132,18.9004498471893,29.1919920332406,35.9980769891144,18.1496533588334,5.37891465455415,7.82213722208941,10.4502350784923
"0610","San Marcos",92.5671969281404,24.9794295117937,79.0112452002194,65.5192905467179,69.6041650715872,16.4918459536023,24.5233902457698,36.8731337569864,19.856228631542,6.88173928289647,14.1053738932235,13.6144472692207
"0611","San Miguel",82.4549788135593,19.5511122881356,76.3506355932203,59.4522422316384,52.465483234714,12.8817248180643,22.0567231177311,29.1346437235031,15.5164770208364,3.39145854883996,9.29510861533915,9.40101472833851
"0612","San Pablo",91.5106117353308,20.8645443196005,72.0037453183521,61.4596337910945,55.4260869565217,15.1826086956522,18.8,29.8028985507246,15.4552715654952,6.94888178913738,7.40814696485623,9.93743343982961
"0613","Santa Cruz",87.4300932090546,25.5481580115402,79.8224589436307,64.2669033880752,11.3498063802323,13.8115434261479,32.9706804351835,19.3773434138546,19.8345259391771,5.57915921288014,8.30724508050089,11.2403100775194
"0701","Provincia Constitucional del Callao",95.2720365983171,89.3856711053019,98.280777714239,94.3128284726193,80.1934750002517,73.9770084859222,93.117141965553,82.429208483909,84.2912413566019,70.7359236088245,82.3649983536385,79.130721106355
"0801","Cusco",97.1312282544476,91.9094822331217,96.8217497725802,95.2874867533832,91.908260411832,87.5341023580153,93.5327212832675,90.9916946843716,88.5554766792656,70.2173787916579,88.5631511291034,82.4453355333423
"0802","Acomayo",93.0340333091962,58.2186821144098,77.6828385228096,76.3118513154719,74.5174787420705,30.449453367526,53.1785666081792,52.7151662392586,45.3152072504332,4.14500866320139,41.3168066106891,30.2590075081079
"0803","Anta",94.6351516712823,44.9410703935081,81.5547111483223,73.7103110710376,61.2050662566806,21.4217731898382,70.8836664470313,51.1701686311833,29.6478759489582,4.07850104991116,42.0691326118559,25.2651698702417
"0804","Calca",91.5809167446211,47.152368898916,77.2189511913278,71.984078944955,52.5454992621741,28.8305459911461,59.4134284308903,46.9298245614035,34.2083875162549,12.8007152145644,31.4206762028609,26.14325964456
"0805","Canas",86.766802928035,20.0399277497861,62.306302880502,56.3710111861077,33.1667832517238,10.3327670630559,37.7036074747677,27.0677192631824,15.6655758471445,2.31183363242901,13.0581653119392,10.3451915971709
"0806","Canchis",94.603629417383,54.5808537212549,82.8116964220116,77.3320598535498,78.9461600275514,45.9151264684498,73.8529828186584,66.2380897715532,41.5359323626116,19.7933302019728,50.9394081728511,37.4228902458118
"0807","Chumbivilcas",89.4673123486683,22.7990314769976,61.4624697336562,57.909604519774,40.3805496828753,10.555355025009,18.5427731655752,23.1595592911532,17.7267373380448,1.33490380840204,4.67870697552676,7.91344937399119
"0808","Espinar",87.0791222290468,49.5505053325144,61.3267072421687,65.9854449345767,45.7141079870615,27.855187857676,35.5498880318487,36.3730612921954,32.6448877022145,14.3631223496152,24.8311606722161,23.9463902413486
"0809","La Convención",86.5614573439517,43.9955188621807,78.0570370911571,69.5380044324298,30.2462405161056,25.8847848802871,46.5948843759938,34.2419699241288,21.4203478155487,9.72247470156941,17.6573956250379,16.2667393807187
"0810","Paruro",94.4035896796709,40.5708587810046,72.8655116539948,69.2799867048901,67.6583955673332,13.6352686099735,37.2801734521802,39.5246125431623,33.5772655201854,2.70764727405781,14.2578363215026,16.8475830385819
"0811","Paucartambo",86.2758273139594,33.7812867461784,69.4943725852511,63.1838288817963,54.4956237291132,18.0974272831757,45.8580143223411,39.4836884448767,27.8628898930894,4.71729306734266,12.4435137220324,15.0078988941548
"0812","Quispicanchi",93.1117901706137,46.0572107630931,78.8218317630082,72.663610898905,64.6497795097939,25.4845656855707,56.137832017229,48.7573924041979,31.413311893413,6.67891804973296,33.3486475621662,23.813625835104
"0813","Urubamba",95.0723327305606,60.5592870059416,85.4494962541979,80.3603719969,69.8458501025135,36.4947983901587,83.1498215506113,63.1634900144278,38.9199075856758,14.6996534462842,54.2645360030805,35.9613656783468
"0901","Huancavelica",93.8692814500913,51.9038634043738,83.8689721302855,76.5473723282502,45.3588887564087,25.1281745558603,64.0038154286396,44.8302929136362,40.6352295850659,10.8245598513669,29.2665663983013,26.9087852782447
"0902","Acobamba",92.6496792587313,28.9023521026372,79.9002138275125,67.1507483962937,28.3182275931521,12.0980194696207,51.0574018126888,30.4912162918205,29.4099756690998,3.92335766423358,7.8264395782644,13.7199243038659
"0903","Angaraes",90.818006154727,33.450225434767,68.1958061976669,64.154679262387,40.4053854120432,13.2563988755733,55.2448587069093,36.3022143315086,24.2688359480922,6.54658144489638,14.0325392213829,14.9493188714572
"0904","Castrovirreyna",82.7884994092162,28.8696337140607,64.001575423395,58.553236182224,21.6460354633657,7.66142522582804,37.0357979257277,22.1144195383071,22.6270723264711,4.77318272909455,15.4308617234469,14.2770389263375
"0905","Churcampa",91.0959611610371,29.5424026443549,76.5106910443136,65.7163516165685,23.9732223629455,8.61226705265062,53.5643206079247,28.7166033411736,20.1360544217687,1.74777603349032,15.5311355311355,12.4716553287982
"0906","Huaytará",82.3730392918155,24.8796396956049,57.291504892064,54.8480612931615,42.0982735723772,7.21558211598052,39.4127194924008,29.5755250602528,28.7836734693878,1.91020408163265,5.95918367346939,12.2176870748299
"0907","Tayacaja",92.1514502307185,35.7819709953856,81.6578773895847,69.8637662052296,22.9209958831602,9.22564203097432,57.992550480298,30.0463961314775,22.5543248499197,4.18111101716412,23.2053775259998,16.6469377976945
"1001","Huánuco",84.4828528487498,58.1923760076513,83.3966388850936,75.3572892471649,57.0533635081505,48.6798517498114,59.3787923513398,55.0373358697672,49.4874900992406,33.7371290127196,41.3176163630434,41.5140784916678
"1002","Ambo",87.9450909344297,42.3594174621978,72.2179639049544,67.5074907671939,10.9161056055677,13.3141689991679,46.4180346470989,23.5494364172782,25.5505462112017,7.59493670886076,15.6493844286457,16.2649557829027
"1003","Dos De Mayo",89.3393551097574,35.5844974267409,64.6675769351959,63.1971431572314,40.0191387559809,17.7033492822967,27.5980861244019,28.4401913875598,15.9385396603047,4.99474697951322,7.5512169497461,9.49483452985467
"1004","Huacaybamba",91.5254237288136,33.3898305084746,76.6101694915254,67.1751412429379,42.8829235280848,13.8281073764945,45.2289645838033,33.9799984961275,13.0656278094096,0.359604435121366,5.72370392568175,6.38297872340426
"1005","Huamalíes",87.4669199972857,34.9121259415078,63.9343149894823,62.1044536427586,31.7222511724857,14.2522146951537,28.4002084418968,24.7915581031787,21.635361020162,6.35016370842668,5.88488712734792,11.2901372853122
"1006","Leoncio Prado",81.9120819029681,36.9140565665158,76.4680863991251,65.098074956203,42.793844885622,31.6617434911039,55.8906368070344,43.4487417279201,29.6822657598213,30.7989036646026,50.8222515480662,37.1011403241634
"1007","Marañón",85.1924975320829,18.0369482442533,54.9710901142293,52.7335119635218,2.08094379813207,6.81631984270031,19.31836801573,9.40521055218745,9.32881027380664,2.42306760358614,5.18536467167434,5.64574751635571
"1008","Pachitea",72.8210146018365,25.9069697425862,57.5568267349089,52.0949370264439,17.6304654442877,11.0719322990127,18.1868045760853,15.6297341064619,11.2813528543866,8.19430257632505,5.66337532629667,8.37967691900276
"1009","Puerto Inca",58.9966785018898,9.51781010193563,44.9203985797732,37.8116290611996,3.5648865717909,1.05678455685501,11.1455544596308,5.25574186275891,1.00853374709077,0.729247478665632,6.34600465477114,2.69459529350918
"1010","Lauricocha",87.6897750137187,31.7907444668008,49.0945674044266,56.1916956283153,27.4726671751843,13.1706076786168,22.1078057462497,20.9170268666836,NA,NA,NA,NA
"1011","Yarowilca",84.918648310388,27.2841051314143,53.8329161451815,55.3452231956612,20.906862745098,6.93627450980392,22.4019607843137,16.7483660130719,NA,NA,NA,NA
"1101","Ica",93.2561389498902,76.4014773407866,91.040127770014,86.8992480202303,83.4694838839917,57.779422649889,80.6163784402126,73.9550949913644,82.6605048286152,45.0615493016123,82.4387615534464,70.0536052278913
"1102","Chincha",88.9540378758708,79.5200756117198,91.7719746560717,86.7486960478874,74.3502447708055,57.485536270583,75.8744993324433,69.2367601246106,68.3445263089261,37.7648823107518,71.0471409010889,59.0521831735889
"1103","Nazca",76.40628899426,70.3468929373596,85.9895183428999,77.5809000915065,71.1221553753597,69.9843055192257,79.3617577818467,73.4894062254774,62.8740947561295,49.2714422825233,64.3922868859611,58.8459413082046
"1104","Palpa",90.8870576829859,64.5176926805623,83.7615123606398,79.7220875747294,80.3008388776396,45.4150997975123,71.8831356667631,65.8663581139716,51.2388818297332,26.0800508259212,40.5336721728081,39.2842016094875
"1105","Pisco",93.0305442244553,80.3676251119292,91.1128245945677,88.1703313103174,65.9995322262688,50.3725483644626,64.7632730796218,60.3784512234511,71.4271326417565,41.5651122973109,74.8866955383221,62.6263134924632
"1201","Huancayo",97.8525443160773,81.2725989946203,93.1144721756769,90.7465384954582,86.7903337870121,67.1228834933899,87.3985171366842,80.4372448056954,66.3276967930029,41.0600583090379,73.8752186588921,60.4209912536443
"1202","Concepción",92.2116955243385,43.7634759882391,83.6981378634433,73.2244364586736,52.7954706298655,22.5973106864827,73.4111818825195,49.6013210662892,39.2888954869359,11.8467933491686,48.5525534441805,33.2294140934283
"1203","Chanchamayo",87.5266498981914,53.9513714217272,83.6243861540304,75.0341358246497,46.1487098774264,37.3324748414175,56.0714456049983,46.5175434412807,37.817778536086,23.6009213444805,26.1644770516977,29.1943923107547
"1204","Jauja",94.6845253137899,47.9150871872631,88.9141605593463,77.1712576867998,51.8507294688082,29.3778951469761,83.5057794709728,54.911468028919,60.4902797108607,19.3058860503749,66.4212274951735,48.7391310854697
"1205","Junín",91.4455874390904,51.7731456415809,81.6053059014618,74.9413463273777,2.83212010919017,23.9877161055505,74.5791628753412,33.7996663633606,58.8098558809856,20.8507670850767,41.8526266852627,40.5044165504417
"1206","Satipo",70.3759607554964,26.5297610772378,62.6442374530794,53.1833197619379,28.0791877680584,16.5111827279556,38.7990985970099,27.7964896976746,24.0610205155181,13.7033140452393,12.7196212519726,16.82798527091
"1207","Tarma",93.9231385108086,61.1649319455564,91.0168134507606,82.0349613023752,60.3105198799422,46.1666728424797,83.6773261199837,63.3848396141352,56.7850308313842,29.5896236444822,53.467999149479,46.6142178751152
"1208","Yauli",96.989835809226,84.489835809226,89.3862392494136,90.2886369559552,78.3793848216281,69.2783198033813,85.4621285469576,77.7066110573223,87.5219446320054,45.9216745442269,85.2667116812964,72.9034436191762
"1209","Chupaca",92.2321929332585,40.3463264161526,83.3426808749299,71.9737334081137,54.882400648824,17.2830494728305,72.3114355231144,48.1589618815896,NA,NA,NA,NA
"1301","Trujillo",92.7757369019505,84.7507215953818,94.7966413014957,90.7743665996093,86.2544541580586,76.2225362102644,90.104873257038,84.193954541787,83.9825363258067,67.2129749641858,81.2001159697114,77.465209086568
"1302","Ascope",96.486013408633,82.6249215627993,93.3088939529047,90.8066096414457,49.8126387019318,65.0816749736239,79.7613417251792,64.8852184669116,69.4804589124149,44.4921182725492,62.3869042066971,58.7864937972204
"1303","Bolívar",83.4674279781988,37.1398909940306,68.7775759148715,63.1282982957003,6.57365173061444,12.8521599141401,45.2374563992487,21.5544226813344,40.2212918660287,3.02033492822967,8.49282296650718,17.2448165869218
"1304","Chepén",95.6330258217051,70.3166288071948,92.4064716517547,86.1187087602182,70.0590445517982,49.6564680622652,72.061191626409,63.9255680801575,58.0888121763691,34.4107955437,63.9965479366076,52.1653852188922
"1305","Julcán",91.5032679738562,16.0130718954248,70.6107730448501,59.3757043047104,31.4957736126424,6.19870145779738,20.1274041406346,19.2739597370248,10.0372702737437,2.28762369875337,0.424110011566637,4.24966799468791
"1306","Otuzco",92.0962497290267,31.9965315412963,84.6694125298071,69.5873979333767,53.6353289323924,19.0575916230367,41.7482358297291,38.1470521283861,20.7498279282562,9.36880035628973,12.1178995101016,14.0788425982159
"1307","Pacasmayo",95.4621016517525,68.2205637887737,92.505216991476,85.3959608106674,69.9059294257864,41.5485463755161,83.8930745328396,65.1158501113807,64.7741222685981,40.1362631966609,59.4402160569605,54.7835338407398
"1308","Pataz",89.4695035460993,39.7560283687943,70.7631205673759,66.6628841607565,13.3969512950799,14.1963068533895,52.7636634031479,26.7856405172058,22.0135710904213,3.07716585134922,16.9875335332176,14.0260901583294
"1309","Sánchez Carrión",90.7598834332215,33.8456040028592,71.8067850662561,65.4707575007789,13.6211161183207,16.7892115339003,25.1516280960932,18.5206519161048,17.2483318131631,7.54644520186261,8.71297585329557,11.1692509561071
"1310","Santiago de Chuco",90.9157562871178,35.2298555612582,74.9615074418946,67.0357064300902,33.4550539973584,19.6022065107606,34.7525444798384,29.2699349959858,31.4979978157991,12.5773571168548,19.1663633054241,21.080572746026
"1311","Gran Chimú",81.2009772405812,24.5081651022245,84.4541597016844,63.3877673481634,51.357220412595,18.0917480998914,27.6737242128122,32.3742309084329,NA,NA,NA,NA
"1312","Virú",93.7317117776152,48.9758595464521,85.9957937088515,76.2344550109729,60.4248897144184,30.5665196192245,68.7195263524495,53.2369785620308,NA,NA,NA,NA
"1401","Chiclayo",95.4888770721583,83.7066789193543,95.6515005240089,91.6156855051738,78.2017522570624,73.0038345791671,87.6893020095136,79.6316296152477,80.3597412387581,52.7646780386038,80.8190599744044,71.3144930839221
"1402","Ferreñafe",85.7983296992636,53.11638622619,78.6686962603365,72.52780406193,55.244594033842,36.3087279265987,54.1472635898382,48.566861850093,43.4117972860703,27.2334533370258,46.8845195236777,39.1765900489246
"1403","Lambayeque",93.1965037588761,43.6974556369245,85.3202340091436,74.0713978016481,50.3944052879524,31.7331921265018,49.8247087609101,43.9841020584548,39.2357749811767,19.3825965365172,29.512208239217,29.3768599189703
"1501","Lima",92.6816384700257,89.4623482898124,96.012320706142,92.7187691553267,86.6714859690203,83.328356879816,94.7074980312451,88.2357802933605,81.7822283505504,71.7101200298379,85.2985826985239,79.5969770263041
"1502","Barranca",94.7909563027855,82.5394743744426,94.2165451397996,90.5156586056759,82.0097889262772,70.2569593147752,83.3710614866932,78.5459365759152,67.8380245208081,55.0854774650319,72.3968226558453,65.1067748805618
"1503","Cajatambo",81.6118573413617,45.6692913385827,86.2899490504863,71.1903659101436,64.3262987012987,24.1071428571429,69.8863636363636,52.7732683982684,39.0758005674909,14.3088771787596,14.3088771787596,22.5645183083367
"1504","Canta",86.5796344647519,60.6266318537859,85.8746736292428,77.6936466492602,73.8848741589833,30.8497383503613,58.6344380762522,54.4563501951989,64.4638807904114,41.7557499190152,37.4797538062844,47.8997948385703
"1505","Cañete",82.9573974648156,61.7133144835912,83.8199320138514,76.1635479874194,64.4239533651298,44.8224695283519,77.4711181770005,62.2391803568274,59.8724678754307,27.8380728478954,60.7742101703649,49.4949169645637
"1506","Huaral",93.4440485280394,68.3210316450327,91.8893696445236,84.5514832725319,69.084637431202,51.7056839221853,83.8359499835138,68.2087571123004,58.1243658501232,39.9550659515872,58.3272938106972,52.1355752041359
"1507","Huarochirí",85.9144632630681,61.368344096503,81.4426708907031,76.2418260834247,59.8439700942681,38.7095026546755,65.8522050059595,54.8018925849677,59.0174259920218,31.8426761844776,46.0214150745329,45.6271724170108
"1508","Huaura",88.6642468835712,69.1034210915302,89.8533348662276,82.540334280443,72.0255108570453,59.5367091847617,81.6539396783414,71.0720532400495,56.1173760155208,44.0281314417364,64.1415060021826,54.7623378198133
"1509","Oyón",94.7265625,78.4071180555556,93.4027777777778,88.8454861111111,71.6366579000607,40.8051790410682,77.0584665183087,63.1667678198125,64.532744665195,26.1221486387049,52.8084375766495,47.8211102935165
"1510","Yauyos",80.0327332242226,40.9611664930814,85.6420175569112,68.878639091405,30.8608762490392,18.6779400461184,66.6922879836024,38.7437014262533,51.2296110414053,24.3538268506901,20.1631116687578,31.9155165202844
"1601","Maynas",81.6279823587769,60.2964432701091,84.9764750950328,75.6336335746396,51.3759845182233,49.780986963262,71.807143674633,57.6547050520394,52.8880894177698,44.3045369986009,63.7485970819304,53.6470744994337
"1602","Alto Amazonas",78.7392283763006,39.5001251474953,71.5879429327422,63.2757654855127,34.8738704819277,25.9036144578313,50.2541415662651,37.0105421686747,15.8960720130933,12.7352700490998,27.9306464811784,18.8539961811238
"1603","Loreto",46.0522432113341,11.0537190082645,64.7948642266824,40.633608815427,18.3838021859882,8.54685540225766,42.1877799677477,23.0394791853312,14.3336343697587,4.63166043091214,20.4876790091601,13.1509912699437
"1604","Mariscal Ramón Castilla",43.4887537407086,9.75962930784825,60.729800173762,37.9927277407729,6.83391871550427,4.45559458103362,37.7320622177622,16.3405251714334,8.1229203366608,3.77764728909767,25.778038755138,12.5595354602988
"1605","Requena",53.4995047870584,16.87025420931,70.3449983492902,46.9049191152195,15.0251380532432,9.91510755789994,60.2983598450507,28.4128684853979,11.6455381556053,5.94084016902809,28.4613472532936,15.349241859309
"1606","Ucayali",59.2505854800937,11.0572097691536,57.694881231181,42.6675588268094,24.4014973448246,7.7478889179072,59.4846348045617,30.5446736890978,10.8761329305136,4.19020097202154,35.5181925653487,16.861508822628
"1607","Datem del Marañón",53.3909244365008,12.153708668454,42.1805183199285,35.9083838082944,4.06970079101227,6.5688409950705,26.928808896022,12.5224502273683,NA,NA,NA,NA
"1608","Putumayo",33.2155477031802,15.8421672555948,43.8751472320377,30.9776207302709,NA,NA,NA,NA,NA,NA,NA,NA
"1701","Tambopata",90.0262042638543,49.8010417003656,86.9593348646113,75.5955269429437,78.7647212771526,43.8680973567129,74.7605338916514,65.7977841751723,50.3641281731169,25.572201414898,57.4490220557636,44.4617838812595
"1702","Manu",78.2774945375091,32.7567370721049,67.115804806992,59.383345472202,28.3217519477785,8.29648347020425,44.9778900821225,27.1987085000351,6.29558541266795,2.61036468330134,17.1976967370441,8.70121561100448
"1703","Tahuamanu",91.8401611820013,38.2471457353929,82.5386165211551,70.8753078128498,41.435011269722,32.4943651389932,63.2231404958678,45.717505634861,15.7012195121951,16.3109756097561,51.4481707317073,27.8201219512195
"1801","Mariscal Nieto",94.4912012241775,77.5895361970343,87.8456661930266,86.6421345380794,79.8022045048578,62.6933298479502,77.6325534788481,73.3760292772187,73.5663082437276,57.0265830346476,65.1359020310633,65.2429311031462
"1802","General Sánchez Cerro",79.1251206175619,31.7626246381473,57.3335477645545,56.0737643400879,22.5819186735097,16.9627582576655,55.7046979865772,31.7497916392508,35.2683461117196,6.37093829864914,17.4516246805403,19.6969696969697
"1803","Ilo",96.7971217971218,84.481396981397,91.2513162513163,90.8432783432783,97.0773301970009,81.728903263746,94.7721258453396,91.1927864353622,86.5131861523924,67.4684305472039,78.661627007989,77.5477479025284
"1901","Pasco",90.6624626399974,75.2980589220613,86.6062337832956,84.1889184484514,51.2437667541002,44.4441241749056,81.9416020522872,59.2098309937644,65.165472534971,28.0033359869593,66.0184237461617,53.0624107560307
"1902","Daniel Alcides Carrión",84.4589334371351,39.3149085247178,68.3437135072012,64.0391851563514,32.6930080116533,11.6533139111435,58.6853605243991,34.3438941490653,42.0958083832335,4.32335329341317,22.9101796407186,23.1097804391218
"1903","Oxapampa",76.7047167779453,34.4174025414603,67.9646780099074,59.695599109771,19.3300183198116,14.4255430515572,51.2902381575504,28.348599842973,26.0681987886833,16.1619513813988,16.6846428275118,19.6382643325313
"2001","Piura",81.7067321330026,56.9381766043808,87.659045546209,75.4346514278641,71.6506829410055,48.1034029421126,70.4238801012994,63.3926553281392,70.3556450093695,35.6200239938925,50.2136646209064,52.0631112080561
"2002","Ayabaca",74.2892784452761,13.823780447771,69.7656096119756,52.6262228350076,23.5897960575677,7.65977764136144,26.7239615305914,19.3245117431735,17.6729048006509,3.79983726606998,7.74613506916192,9.73962571196094
"2003","Huancabamba",68.8797211295532,16.5275512488407,72.9604400524481,52.7892374769473,21.0067865388652,9.27726859301756,26.810326733366,19.0314606217496,11.0860513532269,4.08136710617627,7.7940666204025,7.65382835993523
"2004","Morropón",88.3877714489142,39.0730687077252,85.3951584193663,70.9519995253352,64.9268495860884,21.3594002186703,66.0800749726662,50.7887749258083,39.641959798995,11.5515075376884,18.605527638191,23.2663316582915
"2005","Paita",75.8908917841632,62.0381938247368,88.4407162829437,75.4566006306146,70.7673318247274,42.0366179798395,76.4204896111911,63.074813138586,80.6957708049113,21.3710777626194,57.6466575716235,53.237835379718
"2006","Sullana",81.73282171173,63.0095039642204,90.2978247611303,78.3467168123602,67.0717402524281,52.9144966296001,80.1670342044761,66.7177570288348,66.8890647970146,40.6423159561235,48.7775641750537,52.1029816427306
"2007","Talara",89.3104108016509,85.3745866017985,91.1963265640801,88.6271079891765,79.4111570247934,79.0874655647383,87.2796143250689,81.9260789715335,89.6242288278183,61.0811510418914,79.4296561542776,76.7116786746624
"2008","Sechura",82.8711420922362,57.8825074506238,83.229782290246,74.6611439443687,78.9316452094744,24.9448751689309,66.9037627142755,56.9267610308936,NA,NA,NA,NA
"2101","Puno",94.0695296523517,46.8006487553769,77.3810027501587,72.7503937192958,50.5453942808931,41.1848012776087,69.4759996384126,53.7353983989715,37.9292085862083,25.1843102113967,33.1147407437579,32.0760865137876
"2102","Azángaro",90.9283663007595,21.1895112590247,72.5596500174454,61.5591758590766,25.3727390694102,12.7486030560631,40.8781547098859,26.3331656117864,19.1962148308784,3.23879798349621,6.1508998225702,9.52863754564828
"2103","Carabaya",67.0901467505241,31.58071278826,54.0335429769392,50.9014675052411,29.7539149888143,14.2812548774778,43.6501742885386,29.2284480516102,26.5267348231249,5.15697095811092,10.8024970596218,14.1620676136192
"2104","Chucuito",89.7476560109062,16.0865815318699,64.4047519683944,56.7463298370568,31.6978851963746,9.67371601208459,48.797583081571,30.0563947633434,12.7273438416709,3.73137247232761,7.27109164156921,7.90993598518924
"2105","El Collao",94.2672178457219,21.1683956009672,71.5817798923641,62.3391311130177,20.6764469299422,14.7010380357758,56.6131688819091,30.6635512825424,15.0917176209005,6.68426903835464,9.61645358532518,10.4641467481934
"2106","Huancané",94.7894051237516,15.3973078593139,77.7073382544507,62.6313504125054,29.5360732232592,10.3284278535535,46.7830222541278,28.8825077769801,12.1213463241807,4.49512843224092,6.44375553587245,7.68674343076469
"2107","Lampa",83.9406031268398,27.9126054817819,60.3584745208347,57.4038943764855,22.2689718482252,17.1894124847001,37.6606487148103,25.7063443492452,24.0443213296399,6.17728531855956,7.42382271468144,12.5484764542936
"2108","Melgar",87.2135391696232,41.2983028094736,69.3259181129543,65.9459200306837,46.8787515006002,27.3859543817527,43.8175270108043,39.3607442977191,31.6087113464084,11.5268920707496,23.6493803393093,22.2616612521558
"2109","Moho",96.4117515137923,16.5620094191523,77.6407266203185,63.5381625177544,55.1372048500319,11.9336311423101,59.1150818974686,42.0619726299369,17.1188307137852,2.51276404044449,4.70517569326259,8.11225681583075
"2110","San Antonio de Putina",62.2249289484369,28.8834754364596,69.9878197320341,53.6987413723102,23.1823247885662,4.26145676260408,40.7133023011867,22.7190279507856,26.1295079769406,4.07561335299638,12.3743129105778,14.1931447468383
"2111","San Román",99.1410236976403,62.601687635794,90.6687383153959,84.1371498829434,65.0629351674601,64.7867997086178,82.0884649917837,70.6460666226205,42.3596047240299,30.820679681851,62.6626898047722,45.2809914035511
"2112","Sandia",67.5263835263835,21.7297297297297,52.3346203346203,47.1969111969112,17.6681048090077,12.0751341681574,44.001894138693,24.5817110386194,20.8225651628147,4.13497747914052,4.06113859558443,9.67289374584656
"2113","Yunguyo",95.1474245115453,21.0799289520426,81.3854351687389,65.8709295441089,39.1218922390992,16.511750925716,74.3822262525504,43.3386231391219,26.1336890004707,9.22642397614938,11.5565667660442,15.6388932475548
"2201","Moyobamba",93.2087864423583,48.4741456764879,88.3539362394275,76.6789561194246,61.1121477887666,33.3009889904833,54.166822168315,49.5266529825216,43.2127520197977,20.8312104228838,41.5896353446393,35.2111992624403
"2202","Bellavista",64.7996701257645,27.8949900350491,78.0771081025359,56.9239227544499,32.4473684210526,14.859649122807,49.0614035087719,32.1228070175439,25.3943217665615,7.44479495268139,23.6908517350158,18.8433228180862
"2203","El Dorado",83.1098026387526,25.5261149274888,77.8541053320249,62.1633409660888,50.4202819956616,10.5477223427332,35.7510845986985,32.2396963123644,0.259067357512953,0.259067357512953,12.1761658031088,4.23143350604491
"2204","Huallaga",82.8571428571429,46.2572721396251,72.6050420168067,67.2398190045249,55.3535353535354,26.4646464646465,42.8619528619529,41.5600448933782,44.390362618642,26.7218301289852,44.2686785105865,38.4602904194046
"2205","Lamas",88.3806421591438,31.1586784550954,83.0665425779432,67.5352877307275,44.7659761043516,10.758522415872,41.5543132741423,32.3596039314553,25.6358560794045,6.91687344913151,23.6352357320099,18.7293217535153
"2206","Mariscal Cáceres",78.9319141126812,46.8159295283538,86.29106258029,70.6796354071083,56.628423080144,42.0902771962147,56.2264466962566,51.6483823242051,44.1673279673506,26.8336923251332,44.4734157125042,38.4914786683294
"2207","Picota",85.9352756951694,39.4419664040998,84.5496820726962,69.9756413906551,52.096018735363,16.0421545667447,61.0070257611241,43.048399687744,11.9443900528686,2.72175445467006,37.9283336596828,17.5314927224072
"2208","Rioja",95.0418141385035,25.9122372913208,85.9335358787233,68.9625291028492,45.6028339580673,14.85768422787,61.9557605964493,40.8054262607955,23.3093844900378,7.89571142878305,27.7460928820087,19.6503962669432
"2209","San Martín",94.7055801048197,74.5925393073682,94.4692220737848,87.9224471619909,74.9346157091032,56.1320622064737,81.0483984364015,70.7050254506595,70.7782876744078,42.5717331849998,64.9979140592407,59.4493116395494
"2210","Tocache",88.0220994475138,36.6187845303867,83.2983425414365,69.3130755064457,22.971506880603,24.3590475646662,58.5679209729915,35.2994918060869,7.26530612244898,14.7441130298273,22.392464678179,14.8006279434851
"2301","Tacna",95.2851939719985,76.119668972277,87.3826310689344,86.2624980044033,89.8592651600911,71.625228851341,82.4353975374897,81.3066305163073,85.0200855254633,65.6472722560581,76.4079305429571,75.6917627748261
"2302","Candarave",78.6158309158724,52.7973476999586,76.0049730625777,69.1393838928029,18.9679715302491,32.5622775800712,73.9501779359431,41.8268090154211,54.52,10.64,45.32,36.8266666666667
"2303","Jorge Basadre",89.8205546492659,73.605220228385,86.5252854812398,83.3170201196302,65.436770734784,52.8855250709555,83.9798170923999,67.4340376327131,67.8405315614618,63.7873754152824,76.4451827242525,69.3576965669989
"2304","Tarata",82.9396325459318,57.6115485564304,70.82239720035,70.4578594342374,54.9135075450865,42.2156790577843,63.1947000368053,53.4412955465587,65.5629139072848,24.4591611479029,55.6291390728477,48.5504047093451
"2401","Tumbes",86.5812315164338,71.4433411074511,91.2192541655647,83.0812755964832,75.558602181903,57.4208039204247,83.3323610057756,72.1039223693678,75.5829401255211,42.6588483210408,73.5260433368455,63.9226105944691
"2402","Contralmirante Villar",82.2336830873199,55.6642361728615,86.8575493508803,74.9184895370206,50.036469730124,25.115487478726,76.2703622659859,50.474106491612,20.3995389934691,9.87322320399539,57.0495582020745,29.1074401331797
"2403","Zarumilla",80.7568673290473,59.3877849210988,87.1931618936295,75.7792713812585,75.0951869569462,44.8696670897198,75.6907156106609,65.218523219109,67.91104050834,44.7577442414615,59.3328038125496,57.333862854117
"2501","Coronel Portillo",92.2152560083595,39.0282131661442,82.7319415727339,71.3251369157459,48.5568195989857,31.3744509263237,72.7770310529744,50.9027671927612,33.5671411816112,23.4827403812984,56.2449692983465,37.7649502870854
"2502","Atalaya",57.8695688020447,19.6388820183032,39.9538296644406,39.1540934949295,23.9625452223877,8.15067035539477,31.7833581613109,21.2988579130311,8.645695987945,2.12846110378602,16.2554153324543,9.00985747472845
"2503","Padre Abad",83.4999333599893,34.4928695188591,75.8296681327469,64.6074903371985,16.9444907484581,13.3772295382564,43.4072345390898,24.5763182752681,9.60917312661499,5.92700258397933,20.0581395348837,11.8647717484927
"2504","Purús",74.8169838945827,9.37042459736457,41.5812591508053,41.9228892142509,0.543478260869565,0.951086956521739,32.3369565217391,11.2771739130435,0.663716814159292,0.442477876106195,20.5752212389381,7.22713864306785
